tweet_id,text
0,Por “sobrado” recibió un tremendo KO que lo dejó sin título y “viendo por un pitillo” (+video) https://t.co/2LglvsQUxT
1,Pdvsa efectuó el pago de intereses de bonos del último semestre con vencimiento en 2022 https://t.co/xoVNjsHz3a
2,Trump designa al teniente general McMaster como nuevo asesor presidencial https://t.co/8uyawU6Rae
3,David Smolansky asegura que nuevo aumento salarial pone en riesgo las alcaldíashttps://t.co/s0IPd1ADBu
4,Rafaela Requesens: No nos vamos a doblegar ante este gobierno https://t.co/8NIOIQQJCd
5,Esperando el muro… Así es la actual frontera entre México y EEUU (Fotos) https://t.co/Imt0aYO5SA
6,La Unesco evalúa el estado de conservación de Machu Picchu https://t.co/sBdgoaldm7
7,Observador internacional Winston Flores denuncia irregularidades en elecciones de Ecuador https://t.co/LRqpCU3awg
8,NOS: TSJ y CNE castran la democracia al intentar erradicar a los partidos políticos https://t.co/UNGsoBaCm7
9,La Nasa anunciará un descubrimiento más allá del sistema solar https://t.co/pEqeoIlPAO
10,Florido rechaza las descalificaciones de Maduro y lo acusa de ser cómplice de narcotráfico https://t.co/SpUzscKCUl
11,Gran Alianza Nacional informa al mundo que Maduro no es presidente https://t.co/XUI7RgUFhr
12,Candidato opositor ecuatoriano: Huele mal eso ¿Cómo se van a demorar tres días por un 12%? https://t.co/ptw5rxFdI7
13,La falsa lucha por la soberanía alimentaria parte III: ¿Cuánto pagan los venezolanos por comida vencida? https://t.co/er3IcWwABo
14,Gustavo Coronel: Diálogo e Intervención: los dos polos de un país sin Ecuador https://t.co/ac6QjbM4Ua
15,A punta de pistola y sin creer en nadie robaron a personas en el Big Low de Valencia (Video + Patria bonita) https://t.co/qkBfxe364c
16,Carlos Tablante: Lilian y Mitzy    https://t.co/mDNar4XKsJ
17,La Unesco evalúa el estado de conservación de Machu Picchu https://t.co/sBdgoaldm7
18,Pdvsa efectuó el pago de intereses de bonos del último semestre con vencimiento en 2022 https://t.co/xoVNjsHz3a
19,Rafaela Requesens: No nos vamos a doblegar ante este gobierno https://t.co/8NIOIQQJCd
20,“El solitario” de Valencia robó 14 celulares en oficina de encomiendas (Video) https://t.co/7G9hNRBzMZ https://t.co/IMa3jLfNGy
21,Esperando el muro… Así es la actual frontera entre México y EEUU (Fotos) https://t.co/Imt0aYO5SA
22,Pdvsa efectuó el pago de intereses de bonos del último semestre con vencimiento en 2022   https://t.co/xoVNjsHz3a
23,David Smolansky asegura que nuevo aumento salarial pone en riesgo las alcaldías https://t.co/s0IPd1ADBu
24,"El estado del tiempo en Venezuela este martes #21F, según el Inameh https://t.co/Cj82nVg2Xa"
25,¡Únete a nuestro canal oficial en #Telegram! https://t.co/b8GeYN0uwR https://t.co/zAvkpsx4MG
26,Así es como han cambiado las Kardashian en 10 años (fotos) https://t.co/JWDxBFCsDq https://t.co/dlz8hYgDfM
27,Por “sobrado” recibió un tremendo KO que lo dejó sin título y “viendo por un pitillo” (+video)… https://t.co/e70eqMRw8O
28,¡Bravo por la FFAA de Ecuador! “No somos actores políticos” (Comunicado) https://t.co/LfumMcQdWi https://t.co/bORYRajgzR
29,Ceofanb derriba aeronave por violar espacio aéreo en Maracaibo https://t.co/QB3qtgrgeX
30,La “sentada” que le dio María Corina a este periodista chavista (Video + DTB) https://t.co/dK4KczFaZ7 https://t.co/2tMNXHNYkC
31,"Según Stratfor, El Aissami estuvo en Cuba este fin de semana https://t.co/uAg3vrN5v7 https://t.co/aqQbw4kjMz"
32,Rafael Correa tiene pensado salir del país con su familia el 23 de febrero (Documento) https://t.co/5AqyGvoZvk https://t.co/sw6JfabZqs
33,"Esquí de lujo en Corea del Norte, el país más aislado del mapa https://t.co/cRMc0evKy5"
34,Esquiador venezolano viaja a torneo en Finlandia tras ser deportado de Francia https://t.co/w7Is8ke7Fv https://t.co/7h8gRQfZ5d
35,Robert Alvarado: El cinismo y las mentiras del Gobernador de Yaracuy mantienen preso a Kamel Salame… https://t.co/PSGTCGfozh
36,Maduro encabeza la “encerrona” número 5482285 (…) con Zapatero en Miraflores (Video) https://t.co/wSlEPLykno https://t.co/riNxLjcuLr
37,Se estrella avioneta con cinco pasajeros en centro comercial de Melbourne https://t.co/GDZZBleft0 https://t.co/K1rFlLruQI
38,Muere un surfista atacado por un tiburón en la isla francesa de La Reunión https://t.co/3URCUJcRA7 https://t.co/R5T4yCS3FP
39,Maduro dice que estrategia chavista para ganar elecciones “se agotó” https://t.co/lCMOBj7LTA https://t.co/4mPfm6g86U
40,"Caiga quien Caiga: Seguimos denunciando caso de tren que no tiene durmiente, por Ángel Monagas… https://t.co/6wR9uJXURg"
41,Hallan 74 cuerpos de migrantes en una playa de Libia https://t.co/zwqkxUWTJi
42,Mira el mosaico que le hicieron a Leopoldo López en plena autopista Francisco Fajardo (Foto y Video)… https://t.co/gQv6cTbCIF
43,Venezuela pasó a ser más pobre que Haití https://t.co/yavTrUg57K https://t.co/ctgsS4MC0Y
44,"“Desde hace casi cuatro años no he podido tocar a mi hijo”, dice padre de Héctor Rovaín https://t.co/XeXoassrpn https://t.co/cslkvOiZ8K"
45,Hieren de un balazo al asistente del diputado @angelalvarezgil https://t.co/UQqzI8NUZP https://t.co/OW5xqb1nDX
46,¡Insólito! Abuelo de 78 años revivió en pasillo del Hospital Universitario de Maracaibo https://t.co/hymLgC82SS https://t.co/u365W3xd9i
47,La Nasa anunciará un descubrimiento más allá del sistema solar https://t.co/pEqeoIDqZo https://t.co/f8FjkCrEkx
48,Las largas colas para cruzar la frontera por controles migratorios de Colombia https://t.co/KBGfEANYcV https://t.co/vWB9zgwlo6
49,EEUU prepara instrucciones para acelerar deportaciones https://t.co/wZyD2qDDxu https://t.co/jiknZcmlg3
50,"Joaquín Chaparro: Nueva MUD, nuevos retos https://t.co/16IM5wYltK"
51,Angelina Jolie llora al hablar de su divorcio (Video) https://t.co/O8MeBkPZ7S https://t.co/mQ2otMHBdX
52,"La presunta “Operación Imperial Comunicacional” en la que, según VTV, participa Ravell (Foto + Mano peluda)… https://t.co/pTSADLKx67"
53,Mira cómo nos engaña Facebook y nos sentimos felices https://t.co/zC9Auw3Jse https://t.co/t8cpt7gywF
54,Alexei Guerra Sotillo: La comparsa https://t.co/0336bKGkJ3
55,Trucos para lucir espectacular sin usar maquillaje https://t.co/2wNw4FE8xi https://t.co/lNBsRkyi32
56,Mueren ahogados 74 inmigrantes en el Mediterráneo https://t.co/zwqkxUWTJi
57,"Reestructuración y tareas de la unidad, por @lmesculpi https://t.co/cGMJQNgzWb"
58,Oswaldo Páez-Pumar: Lo inesperado https://t.co/DgWHASx8qV
59,"¡A lo romano! “Penes Voladores” que curan enfermedades, molestias o dolores https://t.co/OBrkq67fyz https://t.co/taDsXI9iM5"
60,Canadá registra fuerte aumento de solicitudes de asilo en frontera con EEUU https://t.co/ZZITF1wHp1
61,Desarrollan en EEUU vacuna efectiva contra diferentes cepas de malaria https://t.co/Vxq0NyQcum https://t.co/KuxCFtqbCB
62,NOS: TSJ y CNE castran la democracia al intentar erradicar a los partidos políticos https://t.co/GEoFWAcotK https://t.co/LGOS8cOUqc
63,.@Eudorogonzalez: Recibimos apoyo unánime de cuatro países para que parlamentarios sigamos en Parlasur… https://t.co/WYtJGzNAkb
64,Diez plantas medicinales que te alejarán de los fármacos https://t.co/YzAaV5nQm0 https://t.co/OJ9d3jBMGO
65,¡Pa’ lo que quedó! El ministro de comunicación ahora promociona telenovelas (Video) https://t.co/tVn4Npoy9C https://t.co/vw5B4Q3H92
66,Miranda ofrece múltiples opciones recreativas en estos Carnavales 2017 https://t.co/2Na5Vi0aZU https://t.co/nZBWVs5AHx
67,Capriles: El ticket de alimentación no es salario https://t.co/3ScAUdVLlt https://t.co/wzB34rhUsg
68,Resultado de elección presidencial en Ecuador tardará tres días en conocerse https://t.co/eb3EIhCnZT https://t.co/vFziMqr4xx
69,Santos dice que con FARC se harán sustituciones reales de cultivos ilícitos https://t.co/7EP6h1pFWL https://t.co/n0N2xN0E1O
70,Florido rechaza las descalificaciones de Maduro y lo acusa de ser cómplice de narcotráfico https://t.co/e9uRUFA1lk https://t.co/bLxjBj20dN
71,Voluntad Popular apoya petición de López para realizar consulta popular y convocar adelanto de elecciones… https://t.co/dxqY3I62lG
72,Pdvsa efectuó el pago de intereses de bonos del último semestre con vencimiento en 2022   https://t.co/xoVNjsHz3a https://t.co/Z11elgB7JQ
73,Estudiantes venezolanos ganan premios en Modelo de las Naciones Unidas https://t.co/mYS2jf859w https://t.co/3Bc3MfPwzf
74,Apagón en el Aeropuerto Internacional de Maiquetía #21F https://t.co/oD1m6Md94B
75,"El estado del tiempo en Venezuela este martes #21F, según el Inameh https://t.co/Cj82nVg2Xa https://t.co/eM6VuxF3KC"
76,Esperando el muro… Así es la actual frontera entre México y EEUU (Fotos) https://t.co/Imt0aYO5SA https://t.co/1856SajVpY
77,Apagón en el Aeropuerto de Maiquetía #21F https://t.co/oD1m6Md94B
78,David Smolansky asegura que nuevo aumento salarial pone en riesgo las alcaldías https://t.co/s0IPd1ADBu https://t.co/jPzpREhjIU
79,La Unesco evalúa el estado de conservación de Machu Picchu https://t.co/sBdgoaldm7 https://t.co/H86XESzsX3
80,¡Mata pasión! Cada vez que esta chica tiene relaciones se desmaya https://t.co/iQnqqcoAAK https://t.co/aJyoTW66Lg
81,Rafaela Requesens: No nos vamos a doblegar ante este gobierno https://t.co/8NIOIQQJCd https://t.co/u0q3T65eoV
82,A punta de pistola y sin creer en nadie robaron a personas en el Big Low de Valencia (Video + Patria bonita)… https://t.co/H9Sokx3mYZ
83,La falsa lucha por la soberanía alimentaria parte III: ¿Cuánto pagan los venezolanos por comida vencida?… https://t.co/PnloZ5ZprF
84,Gran Alianza Nacional informa al mundo que Maduro no es presidente https://t.co/XUI7RgUFhr https://t.co/YEythhiEoh
85,El escaneo del iris del ojo humano como función de seguridad https://t.co/iRmorc9FqG
86,Candidato opositor ecuatoriano: Huele mal eso ¿Cómo se van a demorar tres días por un 12%? https://t.co/ptw5rxFdI7 https://t.co/2G9r7ous79
87,Florido rechaza las descalificaciones de Maduro y lo acusa de ser cómplice de narcotráfico https://t.co/SpUzscKCUl https://t.co/x6b2I1qcgI
88,Observador internacional Winston Flores denuncia irregularidades en elecciones de Ecuador https://t.co/LRqpCU3awg https://t.co/dmOPFHyO6Q
89,Mira cómo nos engaña Facebook y nos sentimos felices https://t.co/xRbZlEUucA
90,Portadas de la prensa internacional de este martes 21 de febrero de 2017 - https://t.co/jZUwB6llDq https://t.co/ZBYVHJEEdG
91,Difunden por televisión la secuencia del asesinato de Kim Jong-nam (video) https://t.co/GdFdk2arn2 https://t.co/EfUYNyBpsc
92,Ex presidente regional de Copei se incorporó a Voluntad Popular https://t.co/X2eiLwwi0W https://t.co/QrRCcZdaST
93,Conozca los nuevos costos de trámites legales tras aumento de la Unidad Tributaria https://t.co/wxscguseLE https://t.co/Ils7sMPjEu
94,Apagón afecta a gran parte del estado Vargas https://t.co/20w4HFpNSl
95,EEUU da hasta fin de año para que los aliados de la Otan hagan “progresos reales” en su contribución financiera… https://t.co/ILAKwGL2fo
96,Ceofanb inmoviliza aeronave por violar espacio aéreo en Maracaibo https://t.co/QB3qtgrgeX https://t.co/0Qua0Ti7nF
97,Emigrar por tierra: Cuando se alza vuelo en 4 ruedas https://t.co/mFvwXuPVKM https://t.co/2rvfsaDHNe
98,Juan Gabriel vuelve a emocionar a sus seguidores con “aparición” seis meses después de su muerte (Videos)… https://t.co/27G3y3ZmEZ
99,¿Cómo diferenciar la yuca amarga de la dulce? https://t.co/Tt9wDdTV9C https://t.co/RKTkiPcMEv
100,Cinco personas murieron por consumir yuca amarga en Catia https://t.co/N5rbm9BQPH https://t.co/Yg7Kp1CSIP
101,.@elnuevoherald: Pronostican “radical” endurecimiento de política de EEUU hacia Venezuela bajo Trump… https://t.co/XLS0jSQ4cE
102,Pran “Wilmito” estaba libre desde diciembre tras recibir beneficio https://t.co/GIQYwt76hA https://t.co/4WBLO9wYmz
103,La suntuosa vida de los Trump es la pesadilla del Servicio Secreto https://t.co/hgaZCsAjYD
104,Opep aplicará recortes adicionales de producción https://t.co/F2DMfFjnYe
105,Le quitan la vida a tres integrantes de una familia en Lara https://t.co/xOGGGBsNAa https://t.co/GDIl0nbrTC
106,CNN invita a seguir su cuenta en Twitter sobre Venezuela https://t.co/4YBPPB1Dr2 https://t.co/5mbKuZk7Ed
107,Iris Varela dice que busca transformar a los presos en defensores de la patria https://t.co/lWXb31UJEo https://t.co/GHpPTFYd3Q
108,"Hallado Zelandia, un enorme continente sumergido en el Pacífico https://t.co/JZyNjydXU9 https://t.co/4Uzklrj8RM"
109,A partir del 1 de marzo entra en vigencia el nuevo valor de la Unidad Tributaria https://t.co/3DFaPfLMSG https://t.co/ow3FovDJwm
110,"Guerrilla ELN, principal sospechoso de explosión en Bogotá https://t.co/Bf6yQESIgx https://t.co/0cGM56wIDA"
111,Las palabras de Juan Manaure a Maduro por la muerte de su hijo https://t.co/yHXb6dTP73 https://t.co/wXFpZg52yc
112,Cuáles son los mejores celulares que se presentarán en el Congreso Mundial de Móviles https://t.co/bAM3R5sxYL https://t.co/8oIkc7aR1U
113,Portada de la Gaceta Oficial N° 41.097 https://t.co/q7Shtn5frH
114,Asaltaron transporte escolar en Machiques con los niños a bordo https://t.co/beQv6W1aU0 https://t.co/isSR6oeTnj
115,Bancos deberán destinar un 20% de sus créditos para préstamos de vivienda https://t.co/k9YfIf0IBx https://t.co/4kTSE9dtIH
116,PJ Juventud San Francisco: Con 108 mil Bs de Bonos de Alimentación no frenamos el hambre https://t.co/caTOBSlZRO https://t.co/3Gp7MxSN3o
117,¡Asco! Angelina Jolie come arañas con sus hijos (Fotos) https://t.co/mAdE24rhgQ
118,"La Sinfónica de Venezuela interpretará piezas de Berlioz, Dvorak y Juan Luis Guerra este #26Feb… https://t.co/f9pNqMTDyc"
119,Denuncian casos autóctonos de malaria en Nueva Esparta https://t.co/wNQLUKFylM https://t.co/Ub1rQIXbTj
120,Muere niño por picadura de escorpión en Mérida https://t.co/y1cROhOBST https://t.co/49Yr0JPEuM
121,Más de 182.000 funcionarios resguardarán a temporadistas durante Carnaval 2017 https://t.co/aweSEAuMQK https://t.co/gQ90yyI1Tz
122,Las 20 estrellas que sorprendentemente todavía no tienen un Oscar https://t.co/BEDzLU6Six https://t.co/T3Y6n5gin6
123,Democracia funcionando: Congresistas interrogan a Kuczynski por exasesor acusado de corrupción… https://t.co/tawZv0I7ba
124,Diputado Luis Parra: En Venezuela lo que se trabaja no alcanza ni para comer https://t.co/DzPTa4m3TU https://t.co/1zDCFJC9g0
125,Se incendió apartamento donde vive el diputado Jesús Báez https://t.co/ATPAUey3qM https://t.co/fylftRpk9g
126,Empresarios de Ecuador piden al CNE agilizar escrutinio y anuncio de resultados https://t.co/TToLmAm9Sg https://t.co/981wC1HpVe
127,Denuncian que estudiantes de la USB se intoxicaron tras ingerir alimentos del comedor https://t.co/RYLlVpo2Gj https://t.co/FxXPgVWJUZ
128,Las brutales condiciones de vida en las cárceles de Haití (Fotos) https://t.co/Hh3D8sY2BO https://t.co/SOxztefsOd
129,Presidente de Aserca Airlines se reunió con Ministro de Turismo y Transporte de Aruba https://t.co/UGb0SBKGZB https://t.co/hsj1ITsZDR
130,"Zika podría causar abortos o tejido cerebral blando en bebés, según estudio https://t.co/051POpLFlJ https://t.co/4uulr9iRVw"
131,EL CUERPOTE: Serena Williams lo muestra en la Sports Illustrated 2017 https://t.co/y6AAeCBZ3w https://t.co/thkyX7EQCu
132,Copei solicitó a la OEA activación  de la Carta Democrática en Venezuela https://t.co/qhktWDLxht https://t.co/gPgBQbFS71
133,Ecuatorianos denuncian fraude: Sociedad civil captan irregulares con actas abiertas en el CNE (Videos)… https://t.co/EZYqLE0mjk
134,Embajador ruso ante Naciones Unidas muere en Nueva York https://t.co/3Vw5Jbb1fI https://t.co/BZrE93T12A
135,Un “milagro” devolvió  de la muerte a un abuelo de 78 años en Maracaibo https://t.co/fLdE44Pn0J https://t.co/WPjnSzb35F
136,Fiscalía pide se fije la sentencia condenatoria contra los narcosobrinos https://t.co/ZWVAhBC6Ef https://t.co/9BlSI7T2SN
137,#20F Militares se movilizaron frente a sede del CNE en Ecuador (Video + Fotos) https://t.co/ifEVHRNhwv https://t.co/VrsljZJiko
138,Colombia pide a Venezuela datos específicos sobre supuestos migrantes https://t.co/6iAGUfcoJs https://t.co/TYiHeSWG0P
139,Las proteínas huyen del plato zuliano https://t.co/RQKOY8yha8
140,Malasia asegura que nadie reclamó el cuerpo de Kim Jong-Nam https://t.co/LF3ypsgaGl https://t.co/Eng7GfXiVE
141,Caricaturas de este martes 21 de febrero de 2017 https://t.co/eVvrhuhbwm https://t.co/ALATXKbMOc
142,Descubren cuatro ranas que caben en la uña del pulgar https://t.co/NC1J1xhqYj
143,Maduro no supera a Ramos Allup y asegura que “Chúo” Torrealba le “envió una nota” https://t.co/S3xTaN4wkX https://t.co/wAXNbkWnGf
144,Aumentos de salario integral aceleran inflación y cierres de empresas en Zulia https://t.co/Fg1pchyGxF https://t.co/g2ZHUHqN35
145,Casos de escabiosis en Anzoátegui se triplicaron en un año https://t.co/oL7DorooJE https://t.co/ofJR6QgpVA
146,Al revés: Nicolás se cree el músico… cuando en realidad es el chofer del Titanic llamado Venezuela… https://t.co/8gmTGSqMso
147,Correa dice que “hay que contar voto a voto” para saber desenlace  de comicios https://t.co/3hW71qzjg6 https://t.co/Hna9ZoxyxU
148,La “Torre de los Locos” de Viena: el primer psiquiátrico moderno del mundo https://t.co/wx25UtdewB
149,Portadas de este martes 21 de febrero de 2017 https://t.co/CPOYQgYqQp https://t.co/50GXHTMuKJ
150,Viene nueva “movida de mata” en el Psuv (Video) https://t.co/DQzaCpdIqJ https://t.co/MbJ44Z9bll
151,Horror en Argentina: Mató a puñaladas a sus cuatro hijos y a su mujer y luego quemó la casa https://t.co/JttlcgUH6T
152,Tendencias astrológicas de la semana del 18 al 24 de febrero de 2017 (Video) https://t.co/KDDFLg5XDR
153,Emigrar por tierra: Cuando se alza vuelo en 4 ruedas https://t.co/mFvwXuPVKM
154,Estos son los nuevos costos de trámites legales tras aumento de la Unidad Tributaria https://t.co/wxscguseLE https://t.co/neQ11dISnX
155,"Valentina Sampaio, orgullosa de ser emblema del movimiento transexual https://t.co/HPgEPvk5Ev"
156,El nuevo novio de Mariah Carey es 13 años menor https://t.co/CEFHj13YTy https://t.co/7JwSqMpGBR
157,Entérate de la nueva rivalidad entre Sheryl Rubio y Corina Smith https://t.co/zJTxyYBaYV
158,Paris Hilton celebra sus 36 años desnudándose (Fotos) https://t.co/e085NHNYpZ
159,Esta animadora de Televen estrena nuevo galán https://t.co/a7FrBkdKmC
160,¡Conócela! Aquí las fotos más sexys de la nueva novia de Marc anthony https://t.co/QXvXa4RVxD
161,Brasil enfrenta su peor sequía en un siglo https://t.co/Snpmpfm5if
162,Falla eléctrica en Tacoa causó apagón en aeropuerto de Maiquetía https://t.co/4WPHk61Biy
163,¿Cómo diferenciar la yuca amarga de la dulce? https://t.co/Tt9wDdTV9C https://t.co/pH8KsNTaiT
164,"Concejal González: A pesar de las maniobras de Maduro y su combo, nosotros legitimaremos los partidos https://t.co/Hn8GhicPC6"
165,Amenaza de muerte a su maestra para que lo apruebe en un examen https://t.co/NT5GcPq3d6
166,Reportan incendio en El Ávila https://t.co/BlwFtq4T9X
167,Maduro asegura que “Chúo” Torrealba le “envió una nota” https://t.co/S3xTaN4wkX
168,La larga y accidentada despedida del billete de 100 bolívares https://t.co/sS30SEjFjh
169,Las reveladoras fotos de la esposa de James Rodríguez que no podrás dejar de ver https://t.co/yCXOGeEzoA
170,Descubren cuatro ranas que caben en la uña del pulgar https://t.co/NC1J1xhqYj
171,Al revés: Nicolás se cree el músico… cuando en realidad es el chofer del Titanic llamado Venezuela https://t.co/wseAwNZm4D
172,Malasia asegura que nadie reclamó el cuerpo de Kim Jong-Nam https://t.co/LF3ypsgaGl
173,Un “milagro” devolvió  de la muerte a un abuelo de 78 años en Maracaibo https://t.co/fLdE44Pn0J
174,Conoce a las 20 estrellas que sorprendentemente todavía no tienen un Oscar https://t.co/BEDzLU6Six
175,EL CUERPOTE: Serena Williams lo muestra en la Sports Illustrated 2017 https://t.co/y6AAeCBZ3w https://t.co/tRzEJEotrg
176,Muere niño por picadura de escorpión en Mérida https://t.co/y1cROhOBST
177,¡Asco! Angelina Jolie come arañas con sus hijos (Fotos) https://t.co/mAdE24rhgQ
178,Empresarios de Ecuador piden al CNE agilizar escrutinio y anuncio de resultados https://t.co/TToLmAm9Sg https://t.co/j7OTujiLjM
179,CNN invita a seguir su cuenta en Twitter sobre Venezuela https://t.co/4YBPPAK2zu
180,Las 20 estrellas que sorprendentemente todavía no tienen un Oscar https://t.co/BEDzLU6Six
181,Pdvsa efectuó el pago de intereses de bonos del último semestre con vencimiento en 2022     https://t.co/xoVNjsHz3a
182,Trump designa al teniente general McMaster como nuevo asesor presidencial https://t.co/x3s3geEs2C
183,La falsa lucha por la soberanía alimentaria parte III: ¿Cuánto pagan los venezolanos por comida vencida? https://t.co/er3IcWwABo
184,A punta de pistola y sin creer en nadie robaron a personas en el Big Low de Valencia (Video + Patria bonita) https://t.co/qkBfxe364c
185,Gran Alianza Nacional informa al mundo que Maduro no es presidente https://t.co/XUI7RgUFhr
186,Más de 182.000 funcionarios resguardarán a temporadistas durante Carnaval 2017 https://t.co/aweSEAuMQK
187,¿Cómo diferenciar la yuca amarga de la dulce? https://t.co/Tt9wDdTV9C
188,Pran “Wilmito” estaba libre desde diciembre tras recibir beneficio https://t.co/GIQYwt76hA
189,Gustavo Coronel: Diálogo e Intervención: los dos polos de un país sin Ecuador https://t.co/ac6QjbM4Ua
190,Carlos Tablante: Lilian y Mitzy https://t.co/mDNar4XKsJ
191,¡Mata pasión! Cada vez que esta chica tiene relaciones se desmaya https://t.co/iQnqqcoAAK
192,Denuncian casos autóctonos de malaria en Nueva Esparta https://t.co/wNQLUKFylM
193,Candidato opositor ecuatoriano: Huele mal eso ¿Cómo se van a demorar tres días por un 12%? https://t.co/ptw5rxFdI7
194,La “sentada” que le  dio  @MariaCorinaYa a  este periodista chavista (Video + DTB) https://t.co/mduMZaVKAC https://t.co/jEVp3GUvlT
195,Observador internacional Winston Flores denuncia irregularidades en elecciones de Ecuador https://t.co/LRqpCU3awg
196,Vicente Bello: CNE anunciará esta semana cambios al proceso de renovación de partidos https://t.co/mLWt6zXFsA
197,¡Insólito! 50.000 años de soledad: Despiertan microbios prehistóricos en cuevas de México https://t.co/kVbJcVEfQR
198,Asaltaron transporte escolar en Machiques con los niños a bordo https://t.co/beQv6W1aU0
199,Estudiantes de medicina de la UCV se alistan con StopVIH para servicio comunitario https://t.co/xYoacgc1OZ
200,Científicos explican por qué el desamor duele tanto https://t.co/HP8sSahrbh
201,Ex presidente regional de Copei se incorporó a Voluntad Popular https://t.co/X2eiLwwi0W
202,PJ Juventud San Francisco: Con 108 mil Bs de Bonos de Alimentación no frenamos el hambre https://t.co/caTOBSlZRO
203,EEUU da hasta fin de año para que los aliados de la Otan hagan “progresos reales” en su contribución financiera https://t.co/IOjMhEaV5o
204,Iris Varela dice que busca transformar a los presos en defensores de la patria https://t.co/lWXb31UJEo
205,Santos dice que con FARC se harán sustituciones reales de cultivos ilícitos https://t.co/7EP6h1pFWL
206,Bancos deberán destinar un 20% de sus créditos para préstamos de vivienda https://t.co/k9YfIf0IBx
207,"Guerrilla ELN, principal sospechoso de explosión en Bogotá https://t.co/Bf6yQESIgx"
208,Cuáles son los mejores celulares que se presentarán en el Congreso Mundial de Móviles https://t.co/bAM3R5sxYL
209,Miranda ofrece múltiples opciones recreativas en estos Carnavales 2017 https://t.co/2Na5Vi0aZU
210,Estudiantes venezolanos ganan premios en Modelo de las Naciones Unidas https://t.co/mYS2jf859w
211,NOS: TSJ y CNE castran la democracia al intentar erradicar a los partidos políticos https://t.co/GEoFWzUNCc
212,Resultado de elección presidencial en Ecuador tardará tres días en conocerse https://t.co/eb3EIhCnZT
213,Florido rechaza las descalificaciones de Maduro y lo acusa de ser cómplice de narcotráfico https://t.co/e9uRUFA1lk
214,Capriles: El ticket de alimentación no es salario https://t.co/3ScAUdVLlt
215,¡Pa’ lo que quedó! El ministro de comunicación ahora promociona telenovelas (Video) https://t.co/tVn4Npoy9C
216,Voluntad Popular apoya petición de López para realizar consulta popular y convocar adelanto de elecciones https://t.co/B5fGO6QYsd
217,Trucos para lucir espectacular sin usar maquillaje https://t.co/2wNw4FE8xi
218,.@Eudorogonzalez: Recibimos apoyo unánime de cuatro países para que parlamentarios sigamos en Parlasur https://t.co/wbt2E3db11
219,Muere un surfista atacado por un tiburón en la isla francesa de La Reunión https://t.co/3URCUJcRA7
220,Desarrollan en EEUU vacuna efectiva contra diferentes cepas de malaria https://t.co/Vxq0NyQcum
221,Diez plantas medicinales que te alejarán de los fármacos https://t.co/YzAaV5nQm0
222,Mira cómo nos engaña Facebook y nos sentimos felices https://t.co/zC9Auw3Jse
223,"¡A lo romano! “Penes Voladores” que curan enfermedades, molestias o dolores https://t.co/OBrkq67fyz"
224,Angelina Jolie llora al hablar de su divorcio (video) https://t.co/O8MeBkPZ7S
225,"La presunta “Operación Imperial Comunicacional” en la que, según VTV, participa Ravell (Foto + Mano peluda) https://t.co/0Y8ULftRV3"
226,EEUU prepara instrucciones para acelerar deportaciones https://t.co/wZyD2qDDxu
227,La Nasa anunciará un descubrimiento más allá del sistema solar https://t.co/pEqeoIDqZo
228,Venezuela pasó a ser más pobre que Haití https://t.co/yavTrUg57K
229,Largas colas para cruzar la frontera por controles migratorios de Colombia https://t.co/KBGfEANYcV
230,Hieren de un balazo al asistente del diputado @angelalvarezgil https://t.co/UQqzI8NUZP
231,Esquiador venezolano viaja a torneo en Finlandia tras ser deportado de Francia https://t.co/w7Is8ke7Fv
232,¡Insólito! Abuelo de 78 años revivió en pasillo del Hospital Universitario de Maracaibo https://t.co/hymLgC82SS
233,"Según Stratfor, El Aissami estuvo en Cuba este fin de semana https://t.co/uAg3vrN5v7"
234,Robert Alvarado: El cinismo y las mentiras del Gobernador de Yaracuy mantienen preso a Kamel Salame https://t.co/QS9sL4Pbap
235,Mira el mosaico que le hicieron a Leopoldo López en plena autopista Francisco Fajardo (Foto y Video)     https://t.co/aDDcQ4Qgxe
236,"“Desde hace casi cuatro años no he podido tocar a mi hijo”, dice padre de Héctor Rovaín https://t.co/XeXoassrpn"
237,"Caiga quien Caiga: Seguimos denunciando caso de tren que no tiene durmiente, por Ángel Monagas https://t.co/s7kebzGEHO"
238,Maduro dice que estrategia chavista para ganar elecciones “se agotó” https://t.co/lCMOBj7LTA
239,Se estrella avioneta con cinco pasajeros en centro comercial de Melbourne https://t.co/GDZZBleft0
240,Maduro encabeza la “encerrona” número 5482285 (…) con Zapatero en Miraflores (Video) https://t.co/wSlEPLykno
241,La “sentada” que le dio María Corina a este periodista chavista (Video + DTB) https://t.co/dK4KczFaZ7
242,Rafael Correa tiene pensado salir del país con su familia el 23 de febrero (DOCUMENTO) https://t.co/5AqyGvoZvk
243,¡Bravo por la FFAA de Ecuador! “No somos actores políticos” (comunicado) https://t.co/LfumMcQdWi
244,El Aissami presentará demanda tras acusaciones del Departamento del Tesoro de EEUU https://t.co/DMfOf1lTeH
245,Por “sobrado” recibió un tremendo KO que lo dejó sin título y “viendo por un pitillo” (+video) https://t.co/JAUawZsjgo
246,La suntuosa vida de los Trump es la pesadilla del Servicio Secreto https://t.co/hgaZCsAjYD
247,Las palabras de Juan Manaure a Maduro por la muerte de su hijo https://t.co/yHXb6dTP73
248,“El solitario” de Valencia robó 14 celulares en oficina de encomiendas (Video) https://t.co/7G9hNRBzMZ
249,Portadas de la prensa internacional de este martes 21 de febrero de 2017 https://t.co/jZUwB6llDq
250,Así es como han cambiado las Kardashian en 10 años (fotos) https://t.co/JWDxBFCsDq
251,CNN invita a seguir su cuenta en Twitter sobre Venezuela https://t.co/4YBPPAK2zu
252,A partir del 1 de marzo entra en vigencia el nuevo valor de la Unidad Tributaria https://t.co/3DFaPfLMSG
253,Cinco personas murieron por consumir yuca amarga en Catia https://t.co/N5rbm9BQPH
254,¿Cómo diferenciar la yuca amarga de la dulce? https://t.co/Tt9wDdTV9C
255,Juan Gabriel vuelve a emocionar a sus seguidores con “aparición” seis meses después de su muerte (Videos) https://t.co/SPmkGCGDHw
256,Le quitan la vida a tres integrantes de una familia en Lara https://t.co/xOGGGBsNAa
257,.@elnuevoherald: Pronostican “radical” endurecimiento de política de EEUU hacia Venezuela bajo Trump https://t.co/tM1TBtKKZ1
258,"Hallado Zelandia, un enorme continente sumergido en el Pacífico https://t.co/JZyNjydXU9"
259,Pran “Wilmito” estaba libre desde diciembre tras recibir beneficio https://t.co/GIQYwt76hA
260,Emigrar por tierra: Cuando se alza vuelo en 4 ruedas   https://t.co/mFvwXuPVKM
261,Difunden por televisión la secuencia del asesinato de Kim Jong-nam (video) https://t.co/GdFdk2arn2
262,Conozca los nuevos costos de trámites legales tras aumento de la Unidad Tributaria https://t.co/wxscguseLE
263,Ceofanb inmoviliza aeronave por violar espacio aéreo en Maracaibo https://t.co/QB3qtgrgeX
264,EEUU da hasta fin de año para que los aliados de la Otan hagan “progresos reales” en su contribución financiera https://t.co/IOjMhEaV5o
265,¡Pa’ lo que quedó! El ministro de comunicación ahora promociona telenovelas (Video) https://t.co/tVn4Npoy9C
266,Florido rechaza las descalificaciones de Maduro y lo acusa de ser cómplice de narcotráfico https://t.co/e9uRUFA1lk
267,¡Mata pasión! Cada vez que esta chica tiene relaciones se desmaya https://t.co/iQnqqcoAAK
268,Mira cómo nos engaña Facebook y nos sentimos felices https://t.co/xRbZlEUucA
269,Ex presidente regional de Copei se incorporó a Voluntad Popular https://t.co/X2eiLwwi0W
270,Portadas de la prensa internacional de este martes 21 de febrero de 2017 - https://t.co/jZUwB6llDq
271,Las brutales condiciones de vida en las cárceles de Haití (Fotos) https://t.co/Hh3D8sY2BO
272,Milagros Paz: Presos deberían estar quienes nos hundieron en el postrero de la pobreza https://t.co/YFvHd9moYd
273,A punta de pistola robaron a personas en el Big Low de Valencia (Video + Patria bonita) https://t.co/qkBfxe364c https://t.co/Xrl1Err7hs
274,"La presunta “Operación Imperial Comunicacional” en la que, según VTV, participa Ravell (Foto + Mano peluda)… https://t.co/EfVMx9bnOg"
275,Cuáles son los mejores celulares que se presentarán en el Congreso Mundial de Móviles https://t.co/bAM3R5sxYL
276,Estudiantes venezolanos ganan premios en Modelo de las Naciones Unidas https://t.co/mYS2jf859w https://t.co/BKVYSOWleo
277,El escaneo del iris del ojo humano como función de seguridad https://t.co/iRmorc9FqG
278,Esperando el muro… Así es la actual frontera entre México y EEUU (Fotos) https://t.co/Imt0aYO5SA
279,Apagón en el Aeropuerto de Maiquetía #21F https://t.co/oD1m6Md94B
280,Diez plantas medicinales que te alejarán de los fármacos https://t.co/YzAaV5nQm0 https://t.co/WresX8CcXL
281,Rafael Correa tiene pensado salir del país con su familia el 23 de febrero (Documento) https://t.co/5AqyGvoZvk https://t.co/vDM7TwrSzI
282,Esquiador venezolano viaja a torneo en Finlandia tras ser deportado de Francia https://t.co/w7Is8ke7Fv https://t.co/leMaUfvM3o
283,Trucos para lucir espectacular sin usar maquillaje https://t.co/2wNw4FE8xi https://t.co/JfpVnfxaVT
284,Se estrella avioneta con cinco pasajeros en centro comercial de Melbourne https://t.co/GDZZBleft0
285,¡Qué romanticos! Paris Hilton estrena nuevo novio y lo presume en las redes (FOTOS) https://t.co/OeKmxca8XR
286,¡Bravo por la FFAA de Ecuador! “No somos actores políticos” (Comunicado) https://t.co/LfumMcQdWi https://t.co/cpdKNQ2IOL
287,La “sentada” que le dio María Corina a este periodista chavista (Video + DTB) https://t.co/dK4KczFaZ7 https://t.co/Pgqzrf0Lg9
288,Por “sobrado” recibió un tremendo KO que lo dejó sin título y “viendo por un pitillo” (+video) https://t.co/JAUawZsjgo
289,"Según Stratfor, El Aissami estuvo en Cuba este fin de semana https://t.co/uAg3vrN5v7 https://t.co/ywN3BrxHEM"
290,Así han cambiado las hermanitas Kardashian en 10 años (fotos) https://t.co/JWDxBFCsDq
291,"El estado del tiempo en Venezuela este martes #21F, según el Inameh https://t.co/Cj82nVg2Xa"
292,Hieren de un balazo al asistente del diputado @angelalvarezgil https://t.co/UQqzI8wjBf
293,AlNavío: ¿El precio del petróleo tiene la culpa de la crisis en Venezuela? https://t.co/wsY4V47c2o
294,Rafaela Requesens: No nos vamos a doblegar ante este gobierno https://t.co/8NIOIQQJCd
295,¡Mata pasión! Cada vez que esta chica tiene relaciones se desmaya https://t.co/iQnqqcoAAK
296,¡La Patilla está en #Snapchat!  https://t.co/tiT7SBp9Br
297,PENDIENTES A partir del 1 de marzo entra en vigencia el nuevo valor de la Unidad Tributaria https://t.co/3DFaPfLMSG
298,¡Sóbate! Paulina Rubio se echó tremenda caída en pleno concierto https://t.co/I7D0PtUCcw
299,Esto fue lo que dijo Juan Manaure a Maduro por la muerte de su hijo https://t.co/yHXb6dTP73
300,Maduro encabeza la “encerrona” número 5482285 (…) con Zapatero en Miraflores (Video) https://t.co/wSlEPLykno
301,Al menos 11 centros judíos en EEUU reciben amenazas de bomba https://t.co/kKn9OTtZab
302,"¡A lo romano! “Penes Voladores” que curan enfermedades, molestias o dolores https://t.co/OBrkq67fyz"
303,Largas colas para cruzar la frontera por controles migratorios de Colombia https://t.co/KBGfEANYcV
304,Mira el mosaico que le hicieron a Leopoldo López en plena autopista Francisco Fajardo (Foto y Video)… https://t.co/tennHdBSpY
305,EEUU prepara instrucciones para acelerar deportaciones https://t.co/wZyD2qDDxu
306,"¡Qué guapo! Este es el nuevo ""pechugo"" de Paris Hilto (FOTOS) https://t.co/P9f6WLt49A"
307,¡Preparense! Viene nueva “movida  de mata”  en  el Psuv (Video) https://t.co/DQzaCpdIqJ https://t.co/KmCo59mL99
308,La Unesco evalúa el estado de conservación de Machu Picchu https://t.co/sBdgoaldm7
309,¡Pa’ lo que quedó! El ministro de comunicación ahora promociona telenovelas (Video) https://t.co/tVn4Npoy9C https://t.co/Rv8k0ckAXM
310,¿Cómo diferenciar la yuca amarga de la dulce? https://t.co/Tt9wDdTV9C
311,"Guerrilla ELN, principal sospechoso de explosión en Bogotá https://t.co/Bf6yQESIgx"
312,Bancos deberán destinar un 20% de sus créditos para préstamos de vivienda https://t.co/k9YfIf0IBx
313,Asaltaron transporte escolar en Machiques con los niños a bordo https://t.co/beQv6W1aU0
314,La Guardia Nacional prohíbe ingreso medios de comunicación a la AN https://t.co/gaQ4M6EGYC
315,Militares se movilizan frente a sede del CNE en Ecuador (Video + Fotos) https://t.co/ifEVHRNhwv https://t.co/oSxLXKVU7B
316,Capriles: Gobierno no tiene ninguna posibilidad de ganar elecciones https://t.co/r6evg8K3aN
317,Ecuatorianos denuncian fraude: Sociedad civil captan irregulares con actas abiertas en el CNE (VIDEOS)… https://t.co/L5aizBJTkn
318,.@Aporrea anuncia que fue tumbado a punta de ataques: Venezolanos se solidarizan contra la censura… https://t.co/gJZ3Vxgxt8
319,Se estrella avioneta con cinco pasajeros en centro comercial de Melbourne https://t.co/8VyIIizUrO https://t.co/KS8eT8q956
320,Vecinos de Piedra Azul protestaron por escasez de agua (Fotos) https://t.co/GVR8qmyY9d https://t.co/c4kv6bDljM
321,"Stalin González: AN es quien autoriza entrada o salida de periodistas, no la GNB https://t.co/8oD1R6OFCQ https://t.co/iE16e0NZgE"
322,Se fue a bañar a la empresa de electricidad tras quedarse sin luz ni agua (Video) https://t.co/5JOjZp9sIa https://t.co/knS7nmBASj
323,Tres nuevos grupos se adhieren a la Gran Alianza Nacional https://t.co/ytRJT5HdbO https://t.co/36nPBRNH4W
324,El eterno problema del precio de la gasolina en Venezuela https://t.co/YvWGV5oNr4 https://t.co/Jl3ROcrMTE
325,"En el desmejoramiento de sus condiciones laborales, el “carnet de la Patria” llega al BCV https://t.co/1h8S6vkHHB https://t.co/aVcrpTZvQz"
326,Vielma Mora culpa a la oposición del ataque a la ULA-Táchira de este martes https://t.co/lEUfc9JiQl https://t.co/WBfvJkbTiD
327,Falla eléctrica en Tacoa causó apagón en aeropuerto de Maiquetía https://t.co/IeHUZxJrWO https://t.co/jBCeTaaNMD
328,Fedecámaras alerta sobre cierre de empresas ante aumento de bono de alimentación https://t.co/jhGwGqscJf https://t.co/f3MwQp3Wqo
329,"Antonietta Ledezma: Lucho no solo por mi padre, sino por rescatar a mi país https://t.co/qFdC5IQQyr https://t.co/Dd6KN6dONC"
330,#21F: Protesta de estudiantes de la ULA-Táchira por inseguridad https://t.co/gPmwjuoveJ https://t.co/0Kbyk0zOFy
331,Portada de la Gaceta Oficial N° 41.097 https://t.co/q7Shtn5frH
332,La Guardia Nacional prohíbe ingreso medios de comunicación a la AN https://t.co/gDeXuwXkNO https://t.co/gujCj6StHG
333,Brasil enfrenta su peor sequía en un siglo https://t.co/EkXUx2AH05 https://t.co/1SNCj7jXAt
334,Horror en Argentina: Mató a puñaladas a sus cuatro hijos y a su mujer y luego quemó la casa https://t.co/9c3AtEn7Jh https://t.co/jZTUw4KSP4
335,Largas colas para cruzar la frontera por controles migratorios de Colombia https://t.co/ce5JDtii8a https://t.co/s92pLA9nMI
336,Apagón afecta a gran parte del estado Vargas https://t.co/37QUziY3z1 https://t.co/ltdz0yRxMq
337,Las proteínas huyen del plato zuliano https://t.co/dCic0KizH9 https://t.co/DzOyNXPSgs
338,Canadá registra fuerte aumento de solicitudes de asilo en frontera con EEUU - https://t.co/ZZITF1wHp1
339,"Esquí de lujo en Corea del Norte, el país más aislado del mapa https://t.co/ImeyNqYKHZ https://t.co/7oMlqYfGbc"
340,El escaneo del iris del ojo humano como función de seguridad https://t.co/haN0z3w3Cr https://t.co/cnbETzQYhK
341,.@Aporrea anuncia que fue tumbado a punta de ataques: Venezolanos se solidarizan contra la censura - https://t.co/kE3fePWc5p
342,Canadá registra fuerte aumento de solicitudes de asilo en frontera con EEUU https://t.co/WzEEwu95t0 https://t.co/ZUrZXxDyYl
343,La Nasa anunciará un descubrimiento más allá del sistema solar https://t.co/KBsntdnj5q https://t.co/iKNAxYDxXo
344,"Caiga quien Caiga: Seguimos denunciando caso de tren que no tiene durmiente, por Ángel Monagas - https://t.co/s7kebzGEHO"
345,La “sentada” que le dio María Corina a este periodista chavista (Video + DTB) -https://t.co/dK4KczFaZ7
346,Petare cumplió 396 años llenando de historia a propios y visitantes - https://t.co/JynS5jtdlA
347,Caricaturas de este martes 21 de febrero de 2017 https://t.co/szSE7ki1Co https://t.co/QygCWBkL3K
348,Aumentos de salario integral aceleran inflación y cierres de empresas en Zulia https://t.co/lrblpMf3Az https://t.co/Sz6bAchBUn
349,¡Bravo por la FFAA de Ecuador! “No somos actores políticos” (comunicado) - https://t.co/LfumMcQdWi
350,Denuncian que estudiantes de la USB se intoxicaron tras ingerir alimentos del comedor - https://t.co/Pky8HEG9J8
351,Muere un surfista atacado por un tiburón en la isla francesa de La Reunión - https://t.co/3URCUJcRA7
352,Muere hombre tras sufrir un brutal ataque de cinco perros de su vecino https://t.co/H1eXPgI5mL
353,AN acudirá a organismos internacionales para denunciar violaciones de DDHH a presos políticos https://t.co/iJxNzjlKqI
354,David Smolansky asegura que nuevo aumento salarial pone en riesgo las alcaldías - https://t.co/ixeWmp47sY
355,Correa dice que “hay que contar voto a voto” para saber desenlace de comicios -https://t.co/dTlkoA8Sr5
356,Zidane entiende las dudas de Isco para renovar con el Madrid y agradece a James por rectificar - https://t.co/GYQaIkKLsD
357,.@GarbiMuguruza se retiró del torneo de Dubai - https://t.co/3qUMnDDJUH
358,¡La Patilla está en #Snapchat!  https://t.co/tiT7SBp9Br
359,Esquiador venezolano viaja a torneo en Finlandia tras ser deportado de Francia https://t.co/qYduRmktop https://t.co/eFSxjPof1G
360,La Guardia Nacional prohíbe ingreso medios de comunicación a la AN - https://t.co/gaQ4M6EGYC
361,José Brito: Varios Alcaldes de Anzoátegui son cómplices de la mafia saqueadora de Pdvsa - https://t.co/dnAVmxzLb2
362,La “sentada” que le dio María Corina a este periodista chavista (Video + DTB) https://t.co/mduMZaVKAC https://t.co/H9OLPJkSF2
363,MAS: Primera obligación del CNE es convocar las elecciones regionales para lo cual está en mora… https://t.co/dkDofwnYRr
364,Rafael Correa tiene pensado salir del país con su familia el 23 de febrero (DOCUMENTO) https://t.co/CFRTY4mu2V https://t.co/Em5NQc1gFf
365,Amenaza de muerte a su maestra para que lo apruebe en un examen - https://t.co/NT5GcPq3d6
366,Verónica Rengifo: El 70% de los crímenes que ocurren en Aragua quedan impunes https://t.co/YVTZI1Af6o
367,MAS: Primera obligación del CNE es convocar las elecciones regionales para lo cual está en mora https://t.co/zrZtCQBMaR
368,Por “sobrado” recibió un tremendo KO que lo dejó sin título y “viendo por un pitillo” (+video) - https://t.co/XHMhXSHoie
369,"Esquí de lujo en Corea del Norte, el país más aislado del mapa - https://t.co/cRMc0evKy5"
370,Houston se prepara para dos grandes estrenos - https://t.co/MO1yApG5UC
371,La Nasa anunciará un descubrimiento más allá del sistema solar - https://t.co/pEqeoIDqZo
372,Copei solicitó a la OEA la activación de la Carta Democrática en Venezuela - https://t.co/RWjmLJGWXh
373,Fiscalía pide se fije la sentencia condenatoria contra los narcosobrinos - https://t.co/ZWVAhBC6Ef
374,Maduro dice que estrategia chavista para ganar elecciones “se agotó” - https://t.co/lCMOBj7LTA
375,Escrutinio presidencial en Ecuador avanza lento; Balotaje es casi seguro https://t.co/KXZh4RKIFG
376,Esquiador venezolano viaja a torneo en Finlandia tras ser deportado de Francia - https://t.co/w7Is8ke7Fv
377,Conoce el nuevo reglamento interno de la MUD (+DOCUMENTO) - https://t.co/Ci8YYaHhNy
378,"En el desmejoramiento de sus condiciones laborales, el “carnet de la Patria” llega al BCV - https://t.co/wZrdPmnJnG"
379,Tendencias astrológicas de la semana del 18 al 24 de febrero de 2017 (Video) https://t.co/9WjRjA23kE https://t.co/NYB1shWNQ1
380,Las 20 estrellas que sorprendentemente todavía no tienen un Oscar - https://t.co/Go0dIt7CPp
381,Científicos explican por qué el desamor duele tanto https://t.co/HP8sSahrbh https://t.co/tzekPjvCKS
382,Estudiantes de medicina de la UCV se alistan con StopVIH para servicio comunitario https://t.co/xYoacgc1OZ https://t.co/8ok9xwRSfX
383,Vicente Bello: CNE anunciará esta semana cambios al proceso de renovación de partidos https://t.co/mLWt6zXFsA https://t.co/RCQsiP8D8h
384,¡Insólito! 50.000 años de soledad: Despiertan microbios prehistóricos en cuevas de México https://t.co/kVbJcVEfQR https://t.co/qpJT0pu9y9
385,EEUU da hasta fin de año para que los aliados de la Otan hagan “progresos reales” en su contribución financiera… https://t.co/upusczmzDY
386,"La Sinfónica de Venezuela interpretará piezas de Berlioz, Dvorak y Juan Luis Guerra este #26Feb - https://t.co/RHeFGCzM96"
387,Hasta los timbres fiscales escasean en Caracas - https://t.co/Yrx9rLxNKF
388,Alarma en Brasil enfrenta por la peor sequía en un siglo https://t.co/Snpmpfm5if
389,Runrunes de este martes 21 de febrero de 2017 - https://t.co/dQYMWH4AAA
390,Talentos sudamericanos Sub17 buscan en Chile un trampolín al fútbol europeo https://t.co/yvGvd2kzqg
391,Las proteínas huyen del plato zuliano - https://t.co/RQKOY8yha8
392,Apagón afectó a gran parte del estado Vargas - https://t.co/20w4HFpNSl
393,"Joaquín Chaparro: Nueva MUD, nuevos retos - https://t.co/16IM5wYltK"
394,Portadas de la prensa internacional de este martes 21 de febrero de 2017 https://t.co/jZUwB6CWuY
395,Kate del Castillo ¿Visitará a “El Chapo” Guzmán en la cárcel de Nueva York? https://t.co/RhFKMcENWo
396,"Él es Levi Stocke, un sexy modelo con tatuajes y barba que te hará delirar (Fotos) https://t.co/TsMNjB0wC2"
397,Smolansky: Aumento de la Unidad Tributaria sin recursos es otro engaño al pueblo https://t.co/PusxBXZ4TZ
398,Diputado José Antonio Mendoza denunció altos índices de inseguridad en Maturín https://t.co/pgnLvkjEsW
399,PECHUGAS SUPREMAS: La voluptuosa “rubia de tus sueños” es la portada de la Sports Illustrated 2017 (UFFF) https://t.co/KVqhd6Tt1R
400,.@joseolivaresm llevará a Fiscalía y Ministerio denuncias de trabajadores del sector salud https://t.co/mMgISJwWMk
401,Le “ponen los ganchos” por traficar cuero de burro para camuflar droga https://t.co/wz3yJC66ts
402,“Con mi arte tengo” en la pobre avenida Baralt de Caracas (al menos es hasta el 2019) https://t.co/aueLkpW6yG
403,Así celebró Roxana Díaz su cumpleaños número 45 (Fotos) https://t.co/aRswGgsqQl
404,Documentos informan de asaltos armados y de inseguridad en el consulado de Brasil en Caracas https://t.co/Dlh6riidc1
405,Keanu Reeves estaría dispuesto hacer “The Matrix 4” https://t.co/hb67P2hliv
406,"Florido: Si la dictadura niega elecciones, el pueblo irá a la calle con el referendo popular https://t.co/e5QnHJByab https://t.co/9Jmm6LCXZn"
407,#EcuadorElige2017 Resultados perfilan segunda vuelta Moreno – Lasso en presidenciales de Ecuador https://t.co/D1KrIC6pfY
408,.@jyanezm: Votación positiva para permanencia de Venezuela en Parlasur ratifica compromiso democrático del Mercosur https://t.co/016pXnCVD7
409,#EnVivo AN inicia proceso de comparecencia del ministro Motta Domínguez https://t.co/nk7WIuToJT
410,Gobernación de Lara inició trabajos para la Serie del Caribe 2018 https://t.co/fRUGlI6vGf
411,CNN en Español dice que suspensión en Venezuela es extrema y antidemocrática https://t.co/GZxZOOMfdy
412,¡Bellísima! Bella Thorne muestra su bikinazo en Instagram y todos enloquecen https://t.co/bSnSzHbRRJ
413,Dip Stefanelli exigió información al CNE sobre elecciones regionales y municipales https://t.co/OhccQc0hzJ
414,Pdvsa exportó a EEUU la semana pasada la menor cantidad de crudo en 7 años https://t.co/SNqGZEsFae
415,AN discutirá este jueves moción de censura al ministro @LMOTTAD ante su inasistencia https://t.co/FgGmd7WYlb
416,Asesinan a un tercer miembro de la comunidad LGBTI en menos de tres días en El Salvador https://t.co/9mvJEslXLV
417,AN modifica el Orden del Día para debatir el proceso electoral en Ecuador https://t.co/K8SOFJgMSw
418,#EnVivo Diputados discuten acuerdo sobre censura oficial en medios y a periodistas https://t.co/jO3OLxPnm2
419,Fiscalía de Perú investigará por lavado de activos a Keiko Fujimori https://t.co/Ev1doXloNN
420,¿Un actor porno y una monja juntos?… ¡Te lo tengo! (VIDEO) https://t.co/DgFAfL1b6o
421,España celebrará el primer juicio por los bebés robados del franquismo https://t.co/fUFhYeJH0f
422,EL CUERPOTE: Serena Williams lo muestra en la Sports Illustrated 2017 https://t.co/rLBmOc0ZS4
423,#EnVivo AN debate denuncias de sobreprecio y otras irregularidades en la ejecución del programa Clap https://t.co/cuDDRcxuXe
424,¡OMG! Verdadera “Elasti-girl” se deslizó por debajo de una camioneta y sin despeinarse ni un poquito (+Video) https://t.co/kM1j7ao6kJ
425,Diputados rechazan censura contra @CNNEE en Venezuela y persecución a periodistas https://t.co/jO3OLxPnm2
426,¿Serán novios? Conoce la mujer que tiene loco a Édgar Ramírez https://t.co/yO9MmuWIzD
427,¡Aunque usted no lo crea! Periodistas a favor de la censura https://t.co/r5AaK23rSC
428,Mira cómo  nos engaña  Facebook y nos sentimos felices https://t.co/xRbZlEUucA
429,Por “sobrado” recibió un tremendo KO que lo dejó  sin título y “viendo por un pitillo” (+video) https://t.co/JAUawZsjgo
430,El BCV se  dejó de condescendencias y reactivó el “despeluque” de la moneda: Así cerró Simadi https://t.co/ky00P5ORqc
431,PECHUGAS SUPREMAS: La voluptuosa  “rubia de tus sueños” es la portada de la Sports Illustrated 2017 (UFFF) https://t.co/KVqhd6Tt1R
432,¡Pa’ lo que quedó! El ministro de comunicación ahora  promociona telenovelas (Video) https://t.co/i6APJpGKbs
433,Maduro no supera a  Ramos Allup y asegura que “Chúo” Torrealba le “envió una nota” https://t.co/JNehMXCtr2
434,¡Mata  pasión! Cada vez que esta chica tiene relaciones se desmaya https://t.co/nOU8NSJvIw
435,Tres nuevos grupos  se adhieren a la Gran Alianza Nacional https://t.co/EpbiKYTe6v
436,Fiscalía pide se fije  la sentencia condenatoria contra los narcosobrinos https://t.co/ZWVAhBC6Ef
437,Científicos  explican por qué el desamor duele tanto https://t.co/0ggfzpdRUI
438,Cuáles son los mejores celulares que se presentarán en el  Congreso Mundial de  Móviles https://t.co/oztegC2JYZ
439,Las  20 estrellas que sorprendentemente todavía no tienen un Oscar https://t.co/Go0dIt7CPp
440,Juan Gabriel vuelve a emocionar a sus seguidores con  “aparición” seis meses después de su muerte (Videos) https://t.co/MDA2ldtcQI
441,Rosmit Mantilla: Hoy la tortura es el mejor ministro del Gobierno de Maduro https://t.co/VwE9ZPxRHX
442,Muere hombre tras sufrir un brutal ataque de cinco perros de su vecino  https://t.co/H1eXPgI5mL
443,¡Aunque  usted no lo crea! Periodistas a favor de la censura https://t.co/OwHm3B4V5O
444,Le “ponen los ganchos” por traficar cuero de burro  para camuflar droga https://t.co/wz3yJC66ts
445,"Esquí de lujo en Corea del Norte, el país más  aislado del mapa https://t.co/cRMc0evKy5"
446,Maduro dijo  que estrategia chavista para ganar elecciones “se agotó” https://t.co/lCMOBj7LTA
447,Vin Diesel y  Selena Gómez juntos por primera vez (+video) https://t.co/lnk8tzcfae
448,Esperando el muro…  Así es la actual frontera entre México y EEUU (Fotos) https://t.co/SUPcDDQKKT
449,Keanu Reeves estaría dispuesto hacer “The Matrix  4” https://t.co/hb67P2hliv
450,¿Un actor porno y  una monja juntos?… ¡Te lo tengo! (VIDEO) https://t.co/DgFAfL1b6o
451,Fedecámaras alerta sobre cierre de empresas ante aumento de bono de alimentación  https://t.co/TLYzEYBiXU
452,"¡A lo romano! “Penes Voladores” que curan enfermedades, molestias o dolores  https://t.co/KXvlTxWhrG"
453,Malasia  asegura  que nadie reclamó el cuerpo de Kim Jong-Nam https://t.co/LF3ypsgaGl
454,¡Agárrate compa!…  Nina “la divina” y sus microbikinis transparentes para Sports Illustrated (WOW) https://t.co/yR6qzF5Tre
455,Mueren ahogados   74 inmigrantes en el Mediterráneo https://t.co/zwqkxUWTJi
456,Ceofanb derriba  aeronave por violar espacio aéreo en  Maracaibo https://t.co/QB3qtgrgeX
457,Así fue el apagón en el Aeropuerto Internacional de Maiquetía #21F https://t.co/oD1m6Md94B
458,"Antonietta Ledezma:  Lucho no solo por mi padre, sino por rescatar a mi país https://t.co/qjQjWliDPm"
459,Así es como  han cambiado las Kardashian  en 10 años (fotos) https://t.co/LedhCs24Cs
460,Así es como han  cambiado las Kardashian  en 10 años (fotos)  https://t.co/LedhCs24Cs
461,Así es como han  cambiado las Kardashian  en 10 años (fotos) https://t.co/LedhCs24Cs
462,Los memes del “Tibisay” de Ecuador tras el anuncio indirecto de la segunda vuelta (Tuits) https://t.co/OXBchdqh2h
463,"El drama de los  “Ángeles de la Muerte”, las prostitutas  con sida que venden sus cuerpos por dos dólares https://t.co/el9FW1Tjvs"
464,¡Agárrate compa!… Nina “la divina” y sus microbikinis transparentes para  Sports Illustrated (WOW) https://t.co/yR6qzF5Tre
465,Ecuatorianos gritan  a su CNE: “No nos da la gana una dictadura como la venezolana”  (VIDEO) https://t.co/UZAAIYwGlu
466,Balotaje en presidenciales  de Ecuador se definirá entre un administrador y un exbanquero (perfiles) https://t.co/U7TLodnVeG
467,Horribles accesorios  que usaste en los 90’s  con orgullo (fotos) https://t.co/EzKcv1aHIM
468,PECHUGAS SUPREMAS:  La voluptuosa “rubia de tus sueños” es la portada de la Sports Illustrated 2017 (UFFF) https://t.co/tOAZ7SbowH
469,Portadas de la prensa internacional de este miércoles 22 de febrero https://t.co/SwlX5PK8o5
470,¡OMG! Verdadera  “Elasti-girl” se deslizó por debajo de una camioneta y sin despeinarse ni un poquito (+Video) https://t.co/kM1j7ao6kJ
471,Keanu Reeves estaría  dispuesto hacer “The Matrix 4” https://t.co/hb67P2hliv
472,CNN en Español dice  que suspensión en Venezuela es extrema y  antidemocrática https://t.co/GZxZOOMfdy
473,Capriles: Gobierno  no tiene ninguna posibilidad de ganar elecciones https://t.co/r6evg8K3aN
474,Asesinan a un tercer  miembro de la comunidad LGBTI en menos de tres días en El Salvador https://t.co/9mvJEslXLV
475,“Con mi arte tengo”  en la pobre avenida Baralt de Caracas (al menos es hasta el 2019) https://t.co/aueLkpW6yG
476,Le “ponen los ganchos”  por traficar cuero de burro para camuflar droga https://t.co/wz3yJC66ts
477,Kate del Castillo  ¿Visitará a “El Chapo” Guzmán en la cárcel de Nueva York? https://t.co/RhFKMcENWo
478,Los memes del “Tibisay” de Ecuador tras el anuncio indirecto de la  segunda vuelta (Tuits) https://t.co/OXBchdqh2h
479,Muere hombre  tras sufrir un brutal ataque de cinco perros de su vecino https://t.co/H1eXPgI5mL
480,Habrían cinco  contenedores con bolívares en Brasil tras hallazgo en Paraguay https://t.co/87gPMAAXO3
481,Juez renuncia ante  presión del Sebin para  privar ilegalmente de libertad a reporteros gráficos https://t.co/0kBEBzchm0
482,Se fue a bañar a  la empresa de electricidad tras quedarse sin luz ni agua (Video) https://t.co/E41CWlWiRj
483,¡Aunque usted  no lo crea! Periodistas a favor de la censura https://t.co/OwHm3B4V5O
484,El eterno problema  del precio de la gasolina en Venezuela https://t.co/00p4M4Zm4o
485,"El drama de los  “Ángeles de la Muerte”, las prostitutas  con sida que venden sus cuerpos  por dos dólares https://t.co/el9FW1Tjvs"